{"cameraMode":{"drawMode":0,"name":"Shaded","section":"Shading Mode"},"sceneLighting":true,"audioPlay":false,"sceneViewState":{"m_AlwaysRefresh":false,"showFog":true,"showSkybox":true,"showFlares":true,"showImageEffects":true,"showParticleSystems":true,"showVisualEffectGraphs":true,"m_FxEnabled":true},"in2DMode":false,"pivot":{"x":1.0462453365325928,"y":1.55940580368042,"z":4.962925434112549},"rotation":{"x":-0.12297946214675904,"y":0.016966480761766435,"z":-0.002102689351886511,"w":-0.9922635555267334},"size":7.5430498123168949,"orthographic":false}